Question,Answer
What does the capacitive touch sensor do in the ring?,"The capacitive touch sensor detects touch or proximity to activate SOS, alerts, or other functionalities of the ring."
How sensitive is the touch sensor?,"The sensor is highly sensitive and can detect proximity within 5mm-10mm, even without direct contact."
Can the sensor detect proximity without direct touch?,"Yes, capacitive touch sensors work by detecting changes in electrical fields, allowing them to sense objects without physical contact."
What happens if the touch sensor gets wet?,All sensors are waterproof.
How does the touch sensor activate the SOS or alert function?,"The sensor responds to a specific touch pattern, duration, or sequence to prevent accidental activations and trigger SOS alerts."
How does the piezoelectric sensor enhance security?,"It detects sudden force, pressure, or impact, helping recognize snatching attempts or physical threats and triggering alerts."
Can it detect if someone tries to snatch the ring?,"Yes, the sensor identifies rapid force changes, indicating unauthorized removal or forceful actions on the ring."
Does the sensor respond to accidental bumps or only strong impacts?,"It is designed to respond only to strong impacts or forceful interactions, avoiding false alarms from minor bumps."
"Is the piezoelectric sensor always active, or does it need to be enabled manually?",The sensor is always active in monitoring mode but can be configured to turn off if needed.
How does this sensor help in emergency situations?,"It can automatically trigger alerts, activate GPS tracking, or notify emergency contacts when strong force is detected."
How does the GPS module track my location?,The GPS module communicates with satellites to determine the ring’s precise real-time location.
Does the GPS work indoors or only outdoors?,GPS works best outdoors but may function indoors with reduced accuracy if assisted by Wi-Fi or cellular networks.
How accurate is the GPS tracking in real-time?,"GPS accuracy ranges between 3-10 meters, depending on satellite signals and network assistance."
Can I turn off GPS tracking for privacy?,"Yes, GPS tracking can usually be enabled or disabled through an app or device settings."
What sensors are used in the ring?,"The ring includes the Capacitive Touch Sensor, Piezoelectric Sensor, GPS Module, Microphone Module, NFC Tag, and a Rechargeable Battery Sensor."
How do the sensors work?,Each sensor serves a unique purpose: ○ Capacitive Touch Sensor detects touch/proximity for activation. ○ Piezoelectric Sensor identifies sudden force or impact. ○ GPS Module tracks real-time location. ○ Microphone Module captures audio during emergencies. ○ NFC Tag allows wireless data transfer.
"Are the sensors always active, or do they activate only when needed?","Some sensors, like GPS and microphone, activate only when required to save battery. Others, like the piezoelectric sensor, stay active for security."
Can I disable some sensors if I don’t need them?,"Yes, GPS and the microphone can be turned off manually through settings."
Do the sensors affect battery life?,"Yes, they consume power. GPS and microphone use the most battery, while NFC and piezoelectric sensors use minimal power."
What does the capacitive touch sensor do?,It detects touch or proximity to activate functions like SOS alerts.
How sensitive is the touch sensor?,"It is highly sensitive and can detect light touches, but some models allow sensitivity adjustments."
What happens if the touch sensor is damaged?,A damaged touch sensor may cause false activations or stop responding and may need recalibration or replacement.
What is the function of the piezoelectric sensor?,"It detects sudden force, impacts, or snatching attempts."
How does the ring detect snatching or sudden force?,"The piezoelectric sensor reacts to sudden pressure changes, triggering an alert."
"Can the sensor detect light touches, or only strong impacts?",It mainly detects strong impacts or forceful pressure to avoid false triggers.
How accurate is the GPS tracking?,"GPS accuracy varies but typically ranges between 3 to 10 meters, depending on satellite connectivity and environmental factors."
Does the GPS work without an internet connection?,"Yes, GPS works independently, but an internet connection is required for real-time location sharing."
How do I track my location using the ring?,The GPS location is available through a mobile app that syncs with the ring.
Can the GPS be turned off for privacy reasons?,"Yes, GPS can be manually turned off in the app or settings."
Does the ring store my location history?,"Some models store recent locations for security, but this depends on storage settings."
What is the purpose of the microphone in the ring?,It records audio during emergencies for evidence or security.
How far can the microphone pick up sound?,The range varies but typically captures clear audio within 1-2 meters.
"Does the ring record continuously, or only in emergencies?",The microphone activates only in emergencies to save power.
How is the recorded audio stored?,The audio is stored either in the ring’s internal memory or on a connected device.
Can I access the audio recordings later?,"Yes, recordings can be accessed through a paired mobile device or cloud storage."
What can I do with the NFC feature?,"NFC allows quick data transfer, such as sharing emergency contacts or unlocking smart devices."
How do I use NFC to connect my ring with other devices?,Simply tap the ring against an NFC-enabled device to transfer data or trigger actions.
Can I customize the NFC functionality?,"Yes, custom actions like opening apps, sharing business cards, or making quick payments can be assigned."
What is the range of the NFC sensor?,"NFC operates within 2-10 cm, requiring close contact."
Do the sensors drain a lot of battery?,"It depends on the sensor. GPS and microphone use the most power, while NFC and piezoelectric sensors consume very little."
Which sensor uses the most power?,"The GPS module consumes the most battery, followed by the microphone."
Does the ring turn off sensors to save power when the battery is low?,"Yes, it has power-saving modes that disable non-essential sensors when the battery is low."
How does the capacitive touch sensor differentiate between intentional and accidental touches?,"It uses signal strength, duration, and pattern recognition to distinguish between a light accidental touch and a deliberate interaction."
Does the sensor work with gloves on?,"It depends on the glove material. Thin conductive gloves may work, but thicker ones might block detection."
What materials affect the performance of the capacitive sensor?,"Metal surfaces, water, and certain thick insulators can interfere with touch detection."
How much power does the capacitive sensor consume?,"It uses minimal power, typically in the range of a few microamps to milliamps, depending on usage."
How quickly does the piezoelectric sensor detect impact or force?,It reacts almost instantly (within milliseconds) upon detecting sudden force or pressure.
Can this sensor be used to trigger an automatic alert?,"Yes, if a sudden impact or snatching motion is detected, it can send an emergency alert."
Can the sensor detect vibrations from external sources like vehicles or machinery?,"Yes, but its algorithms focus on differentiating human interactions from external vibrations."
How does it differentiate between intentional and accidental force?,"It analyzes pressure intensity, duration, and movement patterns to identify threats."
Does the GPS module work in underground or enclosed spaces?,GPS requires a clear sky view. It may work in tunnels or buildings but with reduced accuracy.
Can I set specific geofencing alerts with the GPS module?,"Yes, geofencing allows you to set alerts if you leave or enter predefined locations."
How often does the GPS update my location?,"The update frequency varies based on settings, typically every few seconds to minutes."
Can the GPS work without a smartphone connection?,"Yes, but real-time tracking requires syncing with a smartphone or another device."
Does the microphone activate automatically during an emergency?,"Yes, it can be triggered by sudden impacts or specific activation gestures."
Can the microphone detect specific keywords for activation?,Some models allow voice activation with preset keywords.
Is there a way to adjust microphone sensitivity?,"Yes, microphone sensitivity may be adjusted via the app."
How is the recorded data encrypted and stored?,Audio is stored locally with encryption or uploaded to a secure cloud storage.
Does the microphone consume a lot of battery power?,"It depends on usage. Continuous recording drains more power, but event-based activation helps conserve battery."
Can I program custom functions for the NFC tag?,"Yes, NFC tags can be customized to perform actions like unlocking devices, sending messages, or triggering apps."
Is it possible to use NFC for two-way communication with other devices?,"NFC primarily supports one-way data transfer, but some implementations allow two-way interactions."
Can NFC be used to share emergency contact information instantly?,"Yes, NFC can store and instantly transfer emergency contacts when tapped against a compatible device."
How fast does the NFC tag transfer data?,"NFC operates at up to 424 kbps, transferring small data files within milliseconds."
Can the NFC tag be disabled if not needed?,"Yes, NFC can be turned off via the app or settings."
What is the expected lifespan of the rechargeable battery?,The battery typically lasts 2-3 years before noticeable degradation.
How many charge cycles can the battery handle before performance degrades?,It can handle 300-500 full charge cycles before capacity starts to reduce.
Is there a way to enable low-power mode to extend battery life?,"Yes, enabling low-power mode disables non-essential sensors when the battery is low."
Does the ring notify me when the battery is critically low?,"Yes, it provides alerts via an LED indicator, haptic feedback, or a mobile notification."
Can I use a power bank to charge the ring on the go?,"Yes, as long as the power bank supports the ring’s charging port type and voltage requirements."
Does the microphone support noise cancellation?,"Yes, it uses digital noise reduction to filter out background noise."
How do I transfer data using NFC?,Bring the ring close to an NFC-compatible device and tap to transfer data.
Can I use the NFC tag to unlock doors or make payments?,"Yes, if it is linked to a supported smart lock or payment system."
What devices are compatible with the ring’s NFC feature?,"Most smartphones, tablets, smart locks, and payment terminals with NFC support."
Does NFC work without an internet connection?,"Yes, NFC operates using short-range wireless communication without requiring the internet."
How long does the battery last on a full charge?,"Depending on usage, it can last 1-7 days on a full charge."
How do I recharge the ring’s battery?,It can be charged using a wireless charger or a proprietary charging dock.
Can I replace the battery if it stops working?,"Some models have non-replaceable batteries, requiring professional servicing."
Does the battery affect the ring’s weight?,"The battery is lightweight, contributing minimal additional weight."
What happens if the battery runs out while I’m using an emergency feature?,"Some features, like last-known GPS location or a low-power distress signal, may still function briefly before shutting down."
